rr_id,name,address,loc_lat,loc_long,schedule_date
1369,Óscar Mario Gallardo Moreno,"Paseo de los Volcanes 1671, Moctezuma Pte., Moctezuma Poniente, 45059, Zapopan, Jal.",20.6478173961248,-103.436498176003,10/12/2020
1368,Maria Martinez,"Av. de la Paz 2332,Col Americana, Lafayette,44160, Guadalajara, Jal.",20.6722910214684,-103.375325267352,10/12/2020
1367,Anahi Magaña,"Calle Victoriano Salado Álvarez 326,Ladrón de Guevara, Ladron De Guevara,44600, Guadalajara, Jal.",20.6820779840313,-103.381172949528,10/12/2020
1366,Senora donita,"Av. Terralta 243, Terralta, 45610 San Pedro Tlaquepaque, Jal., Mexico",20.6081387722105,-103.358330487697,10/12/2020
1365,Carla  Castro,"C. Basilio Badillo 281A, La Penal, 44730 Guadalajara, Jal., Mexico",20.6720978232704,-103.31498286716,10/12/2020
1364,Alma  Gutierrez,"Calle Autlan 51, Vallarta Poniente, 44110 Guadalajara, Jal., Mexico",20.6729576,-103.3913355,10/12/2020
1363,EUGENIO GALINDO VILLA OTERO,"Calle San José María Robles 1129, Jardín de San Ignacio, 45040 Zapopan, Jal., México",20.6675333,-103.4053576,10/12/2020
1362,Lilian Cánovas,"Piscis 419, Lomas Altas, 45128 Zapopan, Jal., Mexico",20.6837762,-103.4087844,10/12/2020
1359, Tania  Valenzuela,"Toneles 2722, Alamo Industrial, 45593 San Pedro Tlaquepaque, Jal., México",20.6213678,-103.3298893,10/12/2020
1356,Recinto Funeraria  Lopez Gdl SA. de C.V,"Av Artesanos 1197, Colonia Oblatos, 44700 Guadalajara, Jal., México",20.6902505,-103.294691,10/12/2020
1355,Aida De Santiago Rodríguez,"Lomas del Varadero 2121, Lomas de Atemajac, 45178 Zapopan, Jal., México",20.7149425,-103.3625465,10/12/2020
